name,untargeted?,zhel,Tmax(MJD),e(Tmax),sBV,e(sBV),EBV_MW,spec_counts,filename,Date,MJD,epoch,EXPTOT,SNRY,SNRJ,SNRH,SNRH,SNRK,host_contamination
ASASSN-14ad,untargeted,0.0264,56692.7,0.5,1.013,0.04,0.016,6,ASAS14ad_20140208_fire,2014-02-08,56696.4,3.608522243,570.6,12.3,13.2,10.1,10.1,7.7,No
ASASSN-14ad,untargeted,0.0264,56692.7,0.5,1.013,0.04,0.016,6,ASAS14ad_20140215_fire,2014-02-15,56703.39,10.41482686,1141.2,4.8,2.4,2.4,2.4,2.3,No
ASASSN-14ad,untargeted,0.0264,56692.7,0.5,1.013,0.04,0.016,6,ASAS14ad_20140222_fire,2014-02-22,56710.32,17.16277917,380.4,15.5,6.2,7.8,7.8,4.5,No
ASASSN-14ad,untargeted,0.0264,56692.7,0.5,1.013,0.04,0.016,6,ASAS14ad_20140227_fire,2014-02-27,56715.31,22.02472239,1014.4,23,10.3,12.8,12.8,7.9,No
ASASSN-14ad,untargeted,0.0264,56692.7,0.5,1.013,0.04,0.016,6,ASAS14ad_20140310_fire,2014-03-10,56726.23,32.66766226,1014.4,35.9,21.1,16.5,16.5,7.8,No
ASASSN-14ad,untargeted,0.0264,56692.7,0.5,1.013,0.04,0.016,6,ASAS14ad_20140325_fire,2014-03-25,56741.25,47.30053742,1521.6,21.6,8.6,8.3,8.3,4.3,No
ASASSN-14hp,untargeted,0.0389,56929.53,0.06,1.077,0.041,0.03,1,ASAS14hp_20141105_fire,2014-11-05,56966.13,35.23399122,1521.6,15.4,7.8,5.5,5.5,3.2,No
ASASSN-14hu,untargeted,0.0216,56935.24,0.04,1.05,0.041,0.061,2,ASAS14hu_20141105_fire,2014-11-05,56966.3,30.40193214,2028.8,38.5,16.4,15.3,15.3,9.9,No
ASASSN-14hu,untargeted,0.0216,56935.24,0.04,1.05,0.041,0.061,2,ASAS14hu_20141208_fire,2014-12-08,56999.08,62.49171245,1268,16.1,4.7,5.6,5.6,3.9,No
ASASSN-14jc,untargeted,0.0113,56955.6,0.57,0.914,0.04,0.135,1,ASAS14jc_20141105_fire,2014-11-05,56966.34,10.62151678,1521.6,60.7,36.1,46.3,46.3,38.6,No
ASASSN-14jg,untargeted,0.0148,56960.74,0.56,1.3,0.043,0.013,4,ASAS14jg_20141105_fire,2014-11-05,56966.17,5.348256618,1014.4,46.1,41.4,29.7,29.7,31.1,No
ASASSN-14jg,untargeted,0.0148,56960.74,0.56,1.3,0.043,0.013,4,ASAS14jg_20141208_fire,2014-12-08,56999.01,37.71562362,480,59.8,36.8,33.2,33.2,20.2,No
ASASSN-14jg,untargeted,0.0148,56960.74,0.56,1.3,0.043,0.013,4,ASAS14jg_20141214_fire,2014-12-14,57005.06,43.67440584,507.2,44.4,23.4,20,20,12.2,No
ASASSN-14jg,untargeted,0.0148,56960.74,0.56,1.3,0.043,0.013,4,ASAS14jg_20150114_fire,2015-01-14,57036.04,74.20357729,1902,24.3,6.8,11,11,7.4,No
ASASSN-14lo,untargeted,0.0199,57001.7,0.6,0.95,0.044,0.028,1,ASAS14lo_20141214_fire,2014-12-14,57005.33,3.559963114,507.2,16.1,12.3,6.4,6.4,6.7,No
ASASSN-14lp,untargeted,0.0051,57015.29,0.03,1.027,0.04,0.021,6,ASAS14lp_20141214_fire,2014-12-14,57005.34,-9.895669411,380.4,185.3,193.5,184.3,184.3,101,No
ASASSN-14lp,untargeted,0.0051,57015.29,0.03,1.027,0.04,0.021,6,ASAS14lp_20141220_fire,2014-12-20,57011.35,-3.918214152,697.4,127.2,268.9,264.1,264.1,182.1,No
ASASSN-14lp,untargeted,0.0051,57015.29,0.03,1.027,0.04,0.021,6,ASAS14lp_20150114_fire,2015-01-14,57036.26,20.85886428,253.2,146.1,99.8,189.4,189.4,139.7,No
ASASSN-14lp,untargeted,0.0051,57015.29,0.03,1.027,0.04,0.021,6,ASAS14lp_20150128_fire,2015-01-28,57050.29,34.82321959,507.2,182.6,126.3,168.7,168.7,89.1,No
ASASSN-14lp,untargeted,0.0051,57015.29,0.03,1.027,0.04,0.021,6,ASAS14lp_20150204_fire,2015-02-04,57057.34,41.83536296,253.6,139.1,95.2,167.7,167.7,88.6,No
ASASSN-14lp,untargeted,0.0051,57015.29,0.03,1.027,0.04,0.021,6,ASAS14lp_20150307_fire,2015-03-07,57088.31,72.64532727,285.3,98.4,49.4,123.1,123.1,74.6,No
ASASSN-14lq,untargeted,0.0262,56996.15,0.76,1.005,0.047,0.028,1,ASAS14lq_20141214_fire,2014-12-14,57005.04,8.659665957,1014.4,19.6,10.9,8.8,8.8,8.8,No
ASASSN-14lw,untargeted,0.0209,57013.73,0.07,1.156,0.041,0.012,3,ASAS14lw_20141214_fire,2014-12-14,57005.08,-8.46989012,507.2,43.7,41.6,23.3,23.3,13.7,No
ASASSN-14lw,untargeted,0.0209,57013.73,0.07,1.156,0.041,0.012,3,ASAS14lw_20150105_fire,2015-01-05,57027.08,13.07365827,2028.8,27.9,13.2,14,14,12.6,No
ASASSN-14lw,untargeted,0.0209,57013.73,0.07,1.156,0.041,0.012,3,ASAS14lw_20150114_fire,2015-01-14,57036.08,21.89669231,1521.6,45.4,18.5,23.9,23.9,17.7,No
ASASSN-14me,untargeted,0.0178,57019.83,0.5,1.078,0.04,0.018,3,ASAS14me_20150105_fire,2015-01-05,57027.11,7.156682522,1014.4,38.3,33.1,23.4,23.4,19.8,No
ASASSN-14me,untargeted,0.0178,57019.83,0.5,1.078,0.04,0.018,3,ASAS14me_20150114_fire,2015-01-14,57036.12,16.00037731,1014.4,44.8,23.6,27.4,27.4,21.2,No
ASASSN-14me,untargeted,0.0178,57019.83,0.5,1.078,0.04,0.018,3,ASAS14me_20150128_fire,2015-01-28,57050.07,29.7120389,507.2,54.7,31.7,50.3,50.3,25.8,No
ASASSN-14mw,untargeted,0.0274,57029.06,0.04,1.063,0.041,0.018,3,ASAS14mw_20150105_fire,2015-01-05,57027.15,-1.857478765,1268,30.6,26.5,13,13,9.9,No
ASASSN-14mw,untargeted,0.0274,57029.06,0.04,1.063,0.041,0.018,3,ASAS14mw_20150114_fire,2015-01-14,57036.15,6.900524593,1268,23.4,16.2,9.2,9.2,9.3,No
ASASSN-14mw,untargeted,0.0274,57029.06,0.04,1.063,0.041,0.018,3,ASAS14mw_20150128_fire,2015-01-28,57050.1,20.48072517,1014.4,36.1,15.5,21,21,13.4,No
ASASSN-14my,untargeted,0.0205,57030.75,0.05,0.921,0.04,0.032,3,ASAS14my_20150105_fire,2015-01-05,57027.28,-3.399784736,760.8,45.1,42.8,20.9,20.9,12.8,No
ASASSN-14my,untargeted,0.0205,57030.75,0.05,0.921,0.04,0.032,3,ASAS14my_20150114_fire,2015-01-14,57036.22,5.356617581,1521.6,43.9,35.3,20.7,20.7,15.6,No
ASASSN-14my,untargeted,0.0205,57030.75,0.05,0.921,0.04,0.032,3,ASAS14my_20150128_fire,2015-01-28,57050.24,19.09914916,507.2,45,22.9,34.4,34.4,18.3,No
ASASSN-15aj,untargeted,0.0109,57035.46,0.07,0.83,0.041,0.066,2,ASAS15aj_20150114_fire,2015-01-14,57036.18,0.714333529,760.8,60,77.4,56.3,56.3,38.4,No
ASASSN-15aj,untargeted,0.0109,57035.46,0.07,0.83,0.041,0.066,2,ASAS15aj_20150128_fire,2015-01-28,57050.14,14.51750393,507.2,86.5,47.3,68.5,68.5,44.9,No
ASASSN-15as,untargeted,0.0287,57036.52,0.26,1.077,0.042,0.04,2,ASAS15as_20150114_fire,2015-01-14,57036.31,-0.204165651,760.8,28.5,26.8,14,14,11.3,No
ASASSN-15as,untargeted,0.0287,57036.52,0.26,1.077,0.042,0.04,2,ASAS15as_20150128_fire,2015-01-28,57050.17,13.27107003,1014.4,27.8,13.7,15.8,15.8,14.3,No
ASASSN-15ba,untargeted,0.0231,57044.34,0.57,0.965,0.04,0.022,2,ASAS15ba_20150128_fire,2015-01-28,57050.32,5.843502558,507.2,26.5,22,16.7,16.7,11.3,No
ASASSN-15ba,untargeted,0.0231,57044.34,0.57,0.965,0.04,0.022,2,ASAS15ba_20150307_fire,2015-03-07,57088.38,43.04023026,1014.4,29.5,15,15,15,7.2,No
ASASSN-15be,untargeted,0.0219,57049.54,0.06,1.14,0.04,0.017,2,ASAS15be_20150128_fire,2015-01-28,57050.04,0.491167296,504,38.2,36.2,24.2,24.2,16.3,No
ASASSN-15be,untargeted,0.0219,57049.54,0.06,1.14,0.04,0.017,2,ASAS15be_20150307_fire,2015-03-07,57088,37.63477292,887.6,20.1,9.7,6.8,6.8,3.3,No
ASASSN-15bm,untargeted,0.0208,57054.21,0.04,0.989,0.04,0.069,3,ASAS15bm_20150128_fire,2015-01-28,57050.34,-3.789935933,507.2,42.3,45.7,35.5,35.5,22.1,No
ASASSN-15bm,untargeted,0.0208,57054.21,0.04,0.989,0.04,0.069,3,ASAS15bm_20150204_fire,2015-02-04,57057.37,3.09177757,824.2,54.6,50.4,35.2,35.2,28.5,No
ASASSN-15bm,untargeted,0.0208,57054.21,0.04,0.989,0.04,0.069,3,ASAS15bm_20150307_fire,2015-03-07,57088.39,33.48754933,760.8,35.4,37.8,39.5,39.5,19.1,No
ASASSN-15cd,untargeted,0.0343,57052.79,0.09,1.001,0.04,0.026,1,ASAS15cd_20150128_fire,2015-01-28,57050.2,-2.500717013,507.2,20.8,18.2,9.4,9.4,7.6,No
ASASSN-15eb,untargeted,0.0165,57081.98,0.19,0.82,0.044,0.165,1,ASAS15eb_20150307_fire,2015-03-07,57088.06,5.985820937,634,96,105.6,140.1,140.1,127,Yes
ASASSN-15fr,untargeted,0.0334,57108.75,0.6,0.905,0.045,0.032,1,ASAS15fr_20150407_fire,2015-04-07,57119.11,10.02251993,1521.6,23.4,9.2,7.7,7.7,7.2,No
ASASSN-15ga,untargeted,0.0066,57115.88,0.63,0.5,0.051,0.024,3,ASAS15ga_20150402_fire,2015-04-02,57114.29,-1.577619191,507.2,71.5,84.9,82.9,82.9,59.7,No
ASASSN-15ga,untargeted,0.0066,57115.88,0.63,0.5,0.051,0.024,3,ASAS15ga_20150407_fire,2015-04-07,57119.24,3.336851577,760.8,80,74.7,56.4,56.4,38.4,No
ASASSN-15ga,untargeted,0.0066,57115.88,0.63,0.5,0.051,0.024,3,ASAS15ga_20150412_fire,2015-04-12,57124.18,8.241505075,760.8,39.2,37.2,39.7,39.7,19.9,No
ASASSN-15go,untargeted,0.0189,57124.12,0.07,1.072,0.041,0.137,1,ASAS15go_20150412_fire,2015-04-11,57123.97,-0.144917026,507.2,46,47,30.5,30.5,25.7,No
ASASSN-15gr,untargeted,0.0243,57126.42,0.14,1.031,0.04,0.082,1,ASAS15gr_20150412_fire,2015-04-12,57124,-2.365080045,1014.4,65.3,64.2,37.5,37.5,25.6,No
ASASSN-15hf,untargeted,0.0062,57137.22,0.05,0.939,0.04,0.085,1,ASAS15hf_20150602_fire,2015-06-02,57175.06,37.60996665,1141.2,103.3,119.6,156.1,156.1,106,Yes
ASASSN-15hx,untargeted,0.0083,57151.6,0.03,1.034,0.04,0.042,1,ASAS15hx_20150601_fire,2015-06-01,57174.13,22.34870023,507.2,100.6,100.1,142,142,104.8,No
CSS121114:090202+101800,untargeted,0.037,56244.99,0.68,1.158,0.049,0.028,1,CSP12G_20121203_fire,2012-12-03,56264.32,18.63899664,951,15.3,6.4,7.7,7.7,5.8,No
LSQ11bk,untargeted,0.0403,55912.3,0.2,1.071,0.043,0.094,2,LSQ11bk_20111218_fire,2011-12-18,55913.13,0.79476926,3170,16,13.2,6.8,6.8,6.4,No
LSQ11bk,untargeted,0.0403,55912.3,0.2,1.071,0.043,0.094,2,LSQ11bk_20111221_fire,2011-12-21,55916.2,3.752933764,1806.9,14.3,10,5.8,5.8,5.8,No
LSQ11ot,untargeted,0.0273,55927.65,0.05,0.982,0.04,0.158,2,LSQ11ot_20120115_fire,2012-01-15,55941.17,13.15674979,2916.401,12,11.1,11.2,11.2,11.1,No
LSQ11ot,untargeted,0.0273,55927.65,0.05,0.982,0.04,0.158,2,LSQ11ot_20120203_fire,2012-02-03,55960.18,31.6694478,1200,11.1,8.6,10.1,10.1,6,No
LSQ11pn,untargeted,0.0327,55929.28,0.06,0.507,0.041,0.146,1,LSQ11pn_20120116_fire,2012-01-16,55942.06,12.37989472,760.8,19.5,12.8,9.9,9.9,4.9,No
LSQ12btn,untargeted,0.0542,56032.08,0.19,0.832,0.041,0.033,2,LSQ12btn_20120419_fire,2012-04-19,56036.09,3.802385753,1200,12.4,9,5.9,5.9,4.7,No
LSQ12btn,untargeted,0.0542,56032.08,0.19,0.832,0.041,0.033,2,LSQ12btn_20120430_fire,2012-04-30,56047.01,14.1667446,3170,11.8,4.8,3.5,3.5,3,No
LSQ12fuk,untargeted,0.0206,56233.53,0.56,1.003,0.04,0.071,2,LSQ12fuk_20121105_fire,2012-11-05,56236.31,2.725975091,1268,74.3,79.6,47.6,47.6,39.7,No
LSQ12fuk,untargeted,0.0206,56233.53,0.56,1.003,0.04,0.071,2,LSQ12fuk_20121203_fire,2012-12-03,56264.23,30.0817881,1268,65.5,45.6,54,54,30.8,No
LSQ12fxd,untargeted,0.0312,56246.4,0.04,1.161,0.04,0.022,7,LSQ12fxd_20121105_fire,2012-11-05,56236.34,-9.751519184,1902,51.2,58,31.7,31.7,17.8,No
LSQ12fxd,untargeted,0.0312,56246.4,0.04,1.161,0.04,0.022,7,LSQ12fxd_20121109_fire,2012-11-09,56240.36,-5.857539462,951,24.9,28.4,13.6,13.6,9.7,No
LSQ12fxd,untargeted,0.0312,56246.4,0.04,1.161,0.04,0.022,7,LSQ12fxd_20121111_fire,2012-11-11,56242.38,-3.895212454,540,20.8,30.7,25.9,25.9,15,No
LSQ12fxd,untargeted,0.0312,56246.4,0.04,1.161,0.04,0.022,7,LSQ12fxd_20121119_fire,2012-11-19,56250.29,3.768147138,1050,45.2,43,27.1,27.1,19.7,No
LSQ12fxd,untargeted,0.0312,56246.4,0.04,1.161,0.04,0.022,7,LSQ12fxd_20121125_fire,2012-11-25,56256.25,9.555793326,1902,39.6,28.4,21.5,21.5,18.6,No
LSQ12fxd,untargeted,0.0312,56246.4,0.04,1.161,0.04,0.022,7,LSQ12fxd_20121203_fire,2012-12-03,56264.28,17.33468147,2536,52.2,27.3,31.4,31.4,20.6,No
LSQ12fxd,untargeted,0.0312,56246.4,0.04,1.161,0.04,0.022,7,LSQ12fxd_20130103_fire,2013-01-03,56295.29,47.40569165,2377.5,24.5,11.9,10.1,10.1,4.5,No
LSQ12gdj,untargeted,0.0303,56253.62,0.07,1.167,0.041,0.02,5,LSQ12gdj_20121119_fire,2012-11-19,56250.14,-3.375375149,1200,67,68.5,36.4,36.4,28.6,No
LSQ12gdj,untargeted,0.0303,56253.62,0.07,1.167,0.041,0.02,5,LSQ12gdj_20121125_fire,2012-11-25,56256.17,2.471271141,1902,34.3,31.4,15.9,15.9,15,No
LSQ12gdj,untargeted,0.0303,56253.62,0.07,1.167,0.041,0.02,5,LSQ12gdj_20121203_fire,2012-12-03,56264.1,10.17276032,2219,30.5,16.2,15.2,15.2,16.9,No
LSQ12gdj,untargeted,0.0303,56253.62,0.07,1.167,0.041,0.02,5,LSQ12gdj_20121227_fire,2012-12-27,56288.06,33.42361473,2694.5,51.9,25.5,24.3,24.3,13.1,No
LSQ12gdj,untargeted,0.0303,56253.62,0.07,1.167,0.041,0.02,5,LSQ12gdj_20130103_fire,2013-01-03,56295.06,40.22184054,2853,36,17.6,15.1,15.1,8.5,No
LSQ12hzj,untargeted,0.0334,56301.51,0.08,0.97,0.04,0.057,1,LSQ12hzj_20130106_fire,2013-01-06,56298.24,-3.165733819,1585,21.8,22.9,8.5,8.5,5.8,No
LSQ13aiz,untargeted,0.0092,56436.83,0.05,0.964,0.04,0.079,2,LSQ13aiz_20130519_fire,2013-05-19,56431.17,-5.607758734,507.2,102.9,157,117.9,117.9,91.9,No
LSQ13aiz,untargeted,0.0092,56436.83,0.05,0.964,0.04,0.079,2,LSQ13aiz_20130716_fire,2013-07-16,56489.05,51.74123039,1268,52,22.9,33.8,33.8,17.6,No
LSQ13dsm,untargeted,0.0424,56670.06,0.04,0.908,0.04,0.009,3,LSQ13dsm_20140101_fire,2014-01-01,56658.23,-11.35016755,2028.8,11.6,10.3,5.1,5.1,3.4,No
LSQ13dsm,untargeted,0.0424,56670.06,0.04,0.908,0.04,0.009,3,LSQ13dsm_20140109_fire,2014-01-09,56666.15,-3.754297327,1014.4,22.5,22.7,13.3,13.3,7.7,No
LSQ13dsm,untargeted,0.0424,56670.06,0.04,0.908,0.04,0.009,3,LSQ13dsm_20140114_fire,2014-01-14,56671.15,1.048635677,1014.4,12,9,4.9,4.9,3.5,No
LSQ13pf,untargeted,0.086,56373.38,0.91,0.917,0.055,0.056,1,LSQ13pf_20130325_fire,2013-03-25,56376.26,2.649344924,1426.5,5.4,3.2,1.6,1.6,1.6,No
LSQ13ry,untargeted,0.0298,56395.46,0.03,0.88,0.04,0.04,2,LSQ13ry_20130401_fire,2013-04-01,56383.11,-11.9926844,1944.8,16.4,14.5,7,7,4.4,No
LSQ13ry,untargeted,0.0298,56395.46,0.03,0.88,0.04,0.04,2,LSQ13ry_20130404_fire,2013-04-04,56386.18,-9.013826169,1014.4,17.3,18.6,9,9,6.5,No
LSQ14ajn,untargeted,0.021,56734.73,0.08,0.654,0.04,0.019,2,LSQ14ajn_20140318_fire,2014-03-18,56734.16,-0.557007911,1014.4,56.1,65.3,43.1,43.1,26.6,No
LSQ14ajn,untargeted,0.021,56734.73,0.08,0.654,0.04,0.019,2,LSQ14ajn_20140325_fire,2014-03-25,56741.2,6.338217443,1014.4,45,37.7,28.1,28.1,16.5,No
LSQ14xi,untargeted,0.0507,56720.29,0.08,1.142,0.041,0.037,1,LSQ14xi_20140227_fire,2014-02-27,56715.33,-4.719662554,760.8,11.7,15.3,12.8,12.8,8.2,No
LSQ15aae,untargeted,0.0516,57116.02,0.08,1.226,0.041,0.062,1,LSQ15aae_20150602_fire,2015-06-02,57175.27,56.3421336,2536,4.8,2.7,2.6,2.6,1.8,No
MASTER OT J030559.89+043238.2,untargeted,0.0282,56658.31,0.08,1.14,0.041,0.149,3,CSP13abm_20140101_fire,2014-01-01,56658.16,-0.146582273,1014.4,27.4,23.9,11.3,11.3,10.1,No
MASTER OT J030559.89+043238.2,untargeted,0.0282,56658.31,0.08,1.14,0.041,0.149,3,CSP13abm_20140109_fire,2014-01-09,56666.05,7.524648407,1014.4,22.8,17.2,15.6,15.6,11,No
MASTER OT J030559.89+043238.2,untargeted,0.0282,56658.31,0.08,1.14,0.041,0.149,3,CSP13abm_20140114_fire,2014-01-14,56671.1,12.43783542,1014.4,11.2,4.8,5,5,4.3,No
OGLE-2014-SN-019,untargeted,0.0359,56717.88,0.12,0.905,0.043,0.052,1,CSP14aaq_20140227_fire,2014-02-27,56715.14,-2.641844782,1014.4,70.8,105.1,103.8,103.8,98.3,Yes
PS1-14ra,untargeted,0.0281,56724.54,0.08,0.778,0.04,0.023,3,PS1-14ra_20140310_fire,2014-03-10,56726.28,1.694327298,1394.8,17.8,14.3,7.3,7.3,4.7,No
PS1-14ra,untargeted,0.0281,56724.54,0.08,0.778,0.04,0.023,3,PS1-14ra_20140318_fire,2014-03-18,56734.33,9.527134851,1521.6,38.7,20.7,21.9,21.9,14.2,No
PS1-14ra,untargeted,0.0281,56724.54,0.08,0.778,0.04,0.023,3,PS1-14ra_20140325_fire,2014-03-25,56741.32,16.31948801,1521.6,35.8,17.2,16.9,16.9,9.8,No
PS15sv,untargeted,0.0333,57113.54,0.09,1.113,0.042,0.078,3,PS15sv_20150402_fire,2015-04-02,57114.38,0.816486044,1014.4,37.9,35.8,19.9,19.9,16.1,No
PS15sv,untargeted,0.0333,57113.54,0.09,1.113,0.042,0.078,3,PS15sv_20150407_fire,2015-04-07,57119.38,5.648462895,1014.4,20,17,9.8,9.8,9.5,No
PS15sv,untargeted,0.0333,57113.54,0.09,1.113,0.042,0.078,3,PS15sv_20150601_fire,2015-06-01,57174.29,58.79569318,1521.6,10.4,3,4,4,2.8,No
PSN J13471211-2422171,untargeted,0.0199,57070.43,0.13,0.72,0.04,0.064,1,CSP15B_20150307_fire,2015-03-07,57088.32,17.53717189,507.2,57.2,37.6,42.2,42.2,22.9,No
PTF11qnr,untargeted,0.0162,55903.58,0.04,0.807,0.041,0.056,3,PTF11qnr_20111216_fire,2011-12-16,55911.04,7.343980871,1394.8,30.9,18.1,16.8,16.8,13.5,No
PTF11qnr,untargeted,0.0162,55903.58,0.04,0.807,0.041,0.056,3,PTF11qnr_20111218_fire,2011-12-18,55913.04,9.306499246,507.2,12.2,5.9,6.6,6.6,5.9,No
PTF11qnr,untargeted,0.0162,55903.58,0.04,0.807,0.041,0.056,3,PTF11qnr_20111221_fire,2011-12-21,55916.04,12.26485077,1521.6,14,9.1,15.5,15.5,13.4,No
iPTF13duj,untargeted,0.0169,56601.3,0.16,1.158,0.042,0.067,4,PTF13duj_20131025_fire,2013-10-25,56590.11,-11.00216044,1268,15.2,15,8,8,6,No
iPTF13duj,untargeted,0.0169,56601.3,0.16,1.158,0.042,0.067,4,PTF13duj_20131114_fire,2013-11-14,56610.04,8.59017002,1014.4,40.6,28.9,20.8,20.8,19.9,No
iPTF13duj,untargeted,0.0169,56601.3,0.16,1.158,0.042,0.067,4,PTF13duj_20131120_fire,2013-11-20,56616.02,14.46992462,1521.6,35.5,15.1,16.7,16.7,16.8,No
iPTF13duj,untargeted,0.0169,56601.3,0.16,1.158,0.042,0.067,4,PTF13duj_20131130_fire,2013-11-30,56626.01,24.29922785,1014.4,54.5,29,34.5,34.5,27.7,No
iPTF13dym,untargeted,0.0421,56609.83,0.65,0.517,0.047,0.038,1,PTF13dym_20131120_fire,2013-11-20,56616.05,5.96857851,1268,53.8,67.7,70,70,63,Yes
iPTF13ebh,untargeted,0.0133,56623.29,0.03,0.632,0.04,0.067,9,PTF13ebh_20131114_fire,2013-11-14,56610.16,-12.95544917,3170,23,23.1,12,12,7.8,No
iPTF13ebh,untargeted,0.0133,56623.29,0.03,0.632,0.04,0.067,9,PTF13ebh_20131116_fire,2013-11-16,56612.18,-10.9688425,507.2,16.3,18.4,13,13,6.5,No
iPTF13ebh,untargeted,0.0133,56623.29,0.03,0.632,0.04,0.067,9,PTF13ebh_20131120_fire,2013-11-20,56616.11,-7.087111132,1521.6,66.9,79.8,46.5,46.5,34.6,No
iPTF13ebh,untargeted,0.0133,56623.29,0.03,0.632,0.04,0.067,9,PTF13ebh_20131130_fire,2013-11-30,56626.09,2.766513943,1141.2,74.4,81.9,53.4,53.4,36,No
iPTF13ebh,untargeted,0.0133,56623.29,0.03,0.632,0.04,0.067,9,PTF13ebh_20131209_fire,2013-12-09,56635.08,11.63147631,1521.6,48.3,25.5,25.9,25.9,15.4,No
iPTF13ebh,untargeted,0.0133,56623.29,0.03,0.632,0.04,0.067,9,PTF13ebh_20131214_fire,2013-12-14,56640.06,16.54770447,1014.4,57.1,48.1,49.7,49.7,33.2,No
iPTF13ebh,untargeted,0.0133,56623.29,0.03,0.632,0.04,0.067,9,PTF13ebh_20131220_fire,2013-12-20,56646.06,22.4756137,1014.4,64.7,40.4,29.4,29.4,17.7,No
iPTF13ebh,untargeted,0.0133,56623.29,0.03,0.632,0.04,0.067,9,PTF13ebh_20131227_fire,2013-12-27,56653.03,29.35494784,1014.4,31.3,14.5,14.1,14.1,7.7,No
iPTF13ebh,untargeted,0.0133,56623.29,0.03,0.632,0.04,0.067,9,PTF13ebh_20140101_fire,2014-01-01,56658.03,34.28986243,1014.4,20,8.1,7.9,7.9,4,No
iPTF14aaf,untargeted,0.0588,56741.26,0.08,1.169,0.041,0.029,1,PTF14aaf_20140318_fire,2014-03-18,56734.31,-6.567579273,1268,17.4,16.2,8.3,8.3,5.3,No
iPTF14w,untargeted,0.0189,56669.93,0.03,0.743,0.04,0.021,7,PTF14w_20140109_fire,2014-01-09,56666.34,-3.526511352,507.2,50.7,56.7,42.4,42.4,22.6,No
iPTF14w,untargeted,0.0189,56669.93,0.03,0.743,0.04,0.021,7,PTF14w_20140114_fire,2014-01-14,56671.31,1.353532457,507.2,28.8,29.9,20,20,11.9,No
iPTF14w,untargeted,0.0189,56669.93,0.03,0.743,0.04,0.021,7,PTF14w_20140208_fire,2014-02-08,56696.36,25.94084039,1014.4,45.8,29.3,28.5,28.5,11.7,No
iPTF14w,untargeted,0.0189,56669.93,0.03,0.743,0.04,0.021,7,PTF14w_20140215_fire,2014-02-15,56703.33,32.7764507,1521.6,12.1,5.7,5.9,5.9,2.7,No
iPTF14w,untargeted,0.0189,56669.93,0.03,0.743,0.04,0.021,7,PTF14w_20140222_fire,2014-02-22,56710.24,39.56556532,1521.6,19.6,8.2,10,10,4.1,No
iPTF14w,untargeted,0.0189,56669.93,0.03,0.743,0.04,0.021,7,PTF14w_20140227_fire,2014-02-27,56715.27,44.49677498,1014.4,16.8,6.1,8.8,8.8,4.2,No
iPTF14w,untargeted,0.0189,56669.93,0.03,0.743,0.04,0.021,7,PTF14w_20140318_fire,2014-03-18,56734.13,63.00895624,1521.6,13.9,21.8,24.5,24.5,17.4,Yes
iPTF14yw,untargeted,0.017,56729.46,0.08,0.854,0.041,0.026,4,PTF14yw_20140310_fire,2014-03-10,56726.2,-3.208279455,1521.6,49.6,62.6,36.8,36.8,22.2,No
iPTF14yw,untargeted,0.017,56729.46,0.08,0.854,0.041,0.026,4,PTF14yw_20140318_fire,2014-03-18,56734.19,4.655301047,1014.4,47.1,44.2,38.3,38.3,27,No
iPTF14yw,untargeted,0.017,56729.46,0.08,0.854,0.041,0.026,4,PTF14yw_20140325_fire,2014-03-25,56741.17,11.51391898,1014.4,26.5,16.2,17,17,12.6,No
iPTF14yw,untargeted,0.017,56729.46,0.08,0.854,0.041,0.026,4,PTF14yw_20140423_fire,2014-04-23,56770.15,40.00634484,1521.6,25.7,12.7,13.3,13.3,7.5,No
iPTF14yy,untargeted,0.043,56733.3,0.06,0.837,0.041,0.02,1,PTF14yy_20140318_fire,2014-03-18,56734.24,0.904949025,1521.6,17.3,15.7,10,10,7.3,No
SN2011iv,targeted,0.0065,55906.08,0.05,0.701,0.041,0.01,8,SN2011iv_20111216_fire,2011-12-16,55911.19,5.080894211,253.6,119.4,148,154.3,154.3,95.9,No
SN2011iv,targeted,0.0065,55906.08,0.05,0.701,0.041,0.01,8,SN2011iv_20111218_fire,2011-12-18,55913.18,7.05489343,253.6,57.3,119.2,141.4,141.4,103.6,No
SN2011iv,targeted,0.0065,55906.08,0.05,0.701,0.041,0.01,8,SN2011iv_20111221_fire,2011-12-21,55916.25,10.1030576,211.2,100,79.1,118,118,67.2,No
SN2011iv,targeted,0.0065,55906.08,0.05,0.701,0.041,0.01,8,SN2011iv_20120107_fire,2012-01-07,55933.11,26.85819609,480,131.4,127.9,142.5,142.5,107.7,No
SN2011iv,targeted,0.0065,55906.08,0.05,0.701,0.041,0.01,8,SN2011iv_20120115_fire,2012-01-15,55941.09,34.78679533,1014.4,117.3,88.6,46.6,46.6,51.5,No
SN2011iv,targeted,0.0065,55906.08,0.05,0.701,0.041,0.01,8,SN2011iv_20120119_fire,2012-01-19,55945.19,38.85883107,380.4,74.7,46.4,74.3,74.3,42.8,No
SN2011iv,targeted,0.0065,55906.08,0.05,0.701,0.041,0.01,8,SN2011iv_20120203_fire,2012-02-03,55960.11,53.68503321,1200,68.8,37.4,98.5,98.5,50.2,No
SN2011iv,targeted,0.0065,55906.08,0.05,0.701,0.041,0.01,8,SN2011iv_20120303_fire,2012-03-03,55989.08,82.46914044,1014.4,23.1,5.3,22.9,22.9,20.3,No
SN2011iy,targeted,0.0043,55893.24,0.23,1.033,0.04,0.053,6,SN2011iy_20111218_fire,2011-12-18,55913.32,19.99321741,317,67.3,71.5,112.6,112.6,91.9,No
SN2011iy,targeted,0.0043,55893.24,0.23,1.033,0.04,0.053,6,SN2011iy_20111221_fire,2011-12-21,55916.36,23.02046289,179.5,106,72.7,105.3,105.3,88.7,No
SN2011iy,targeted,0.0043,55893.24,0.23,1.033,0.04,0.053,6,SN2011iy_20120107_fire,2012-01-07,55933.28,39.8724975,480,135.4,104.7,127.7,127.7,77.5,No
SN2011iy,targeted,0.0043,55893.24,0.23,1.033,0.04,0.053,6,SN2011iy_20120119_fire,2012-01-19,55945.39,51.92530773,285.3,97,60.7,132.3,132.3,69.9,No
SN2011iy,targeted,0.0043,55893.24,0.23,1.033,0.04,0.053,6,SN2011iy_20120203_fire,2012-02-03,55960.26,66.73566644,1200,118.5,62.1,136.5,136.5,67.3,No
SN2011iy,targeted,0.0043,55893.24,0.23,1.033,0.04,0.053,6,SN2011iy_20120303_fire,2012-03-03,55989.29,95.64579784,2536,54.9,20.3,50,50,32.2,No
SN2011jh,targeted,0.0078,55931.06,0.02,0.789,0.04,0.032,7,SN2011jh_20120107_fire,2012-01-07,55933.31,2.229146503,960,94,105.1,74.5,74.5,59,No
SN2011jh,targeted,0.0078,55931.06,0.02,0.789,0.04,0.032,7,SN2011jh_20120115_fire,2012-01-15,55941.34,10.195854,1902,66.3,43.4,70.6,70.6,50.5,No
SN2011jh,targeted,0.0078,55931.06,0.02,0.789,0.04,0.032,7,SN2011jh_20120119_fire,2012-01-19,55945.35,14.17486281,380.4,77.3,47.4,73.7,73.7,44.7,No
SN2011jh,targeted,0.0078,55931.06,0.02,0.789,0.04,0.032,7,SN2011jh_20120203_fire,2012-02-03,55960.22,28.93212739,1200,98,74.6,93.4,93.4,40.1,No
SN2011jh,targeted,0.0078,55931.06,0.02,0.789,0.04,0.032,7,SN2011jh_20120303_fire,2012-03-03,55989.24,57.7331025,1268,52.3,17.4,39.7,39.7,18.3,No
SN2011jh,targeted,0.0078,55931.06,0.02,0.789,0.04,0.032,7,SN2011jh_20120408_fire,2012-04-08,56025.1,93.31832099,2874.4,9.5,3.7,7.5,7.5,6.3,No
SN2011jh,targeted,0.0078,55931.06,0.02,0.789,0.04,0.032,7,SN2011jh_20120411_fire,2012-04-11,56028.13,96.32171625,2536,25.2,3.3,7.5,7.5,5.6,No
SN2011jt,untargeted,0.0278,55928.66,0.86,0.955,0.048,0.039,1,SN2011jt_20120107_fire,2012-01-07,55933.36,4.573932576,1320,5.7,4.1,3,3,2.4,No
SN2012G,untargeted,0.0258,55948.85,0.05,1.158,0.04,0.021,1,SN2012G_20120204_fire,2012-02-04,55961.28,12.12198493,840,15.9,11.9,12.2,12.2,9.1,No
SN2012U,targeted,0.0197,55944.72,1.01,0.905,0.046,0.023,1,SN2012U_20120203_fire,2012-02-03,55960.04,15.02455752,1200,43.1,22.3,27.7,27.7,21.7,No
SN2012ah,targeted,0.0124,55975.16,0.71,0.905,0.046,0.155,1,SN2012ah_20120303_fire,2012-03-03,55989.13,13.79859643,507.2,23.5,14.8,18.9,18.9,13.2,No
SN2012ar,untargeted,0.0282,55991.31,0.53,0.809,0.04,0.202,4,SN2012ar_20120303_fire,2012-03-03,55989.39,-1.871235214,1902,37.4,41.2,22.5,22.5,13.9,No
SN2012ar,untargeted,0.0282,55991.31,0.53,0.809,0.04,0.202,4,SN2012ar_20120408_fire,2012-04-08,56025.35,33.10726721,1902,13.9,7.3,6.5,6.5,3.6,No
SN2012ar,untargeted,0.0282,55991.31,0.53,0.809,0.04,0.202,4,SN2012ar_20120411_fire,2012-04-11,56028.33,36.00285898,2536,21.8,9.9,10.2,10.2,5.7,No
SN2012ar,untargeted,0.0282,55991.31,0.53,0.809,0.04,0.202,4,SN2012ar_20120430_fire,2012-04-30,56047.31,54.45893819,3804,12.9,3.9,5.6,5.6,3.8,No
SN2012bl,targeted,0.0187,56018.76,0.55,1.081,0.043,0.03,8,SN2012bl_20120408_fire,2012-04-08,56025.39,6.508715964,1268,42.7,39.6,28.8,28.8,24.1,No
SN2012bl,targeted,0.0187,56018.76,0.55,1.081,0.043,0.03,8,SN2012bl_20120411_fire,2012-04-11,56028.39,9.455984185,1743.5,44.5,29.9,26.7,26.7,26.6,No
SN2012bl,targeted,0.0187,56018.76,0.55,1.081,0.043,0.03,8,SN2012bl_20120418_fire,2012-04-18,56035.4,16.33313854,1800,40.4,20,26.6,26.6,25.1,No
SN2012bl,targeted,0.0187,56018.76,0.55,1.081,0.043,0.03,8,SN2012bl_20120421_fire,2012-04-21,56038.39,19.27116562,1650,33.5,14.3,25.8,25.8,21.8,No
SN2012bl,targeted,0.0187,56018.76,0.55,1.081,0.043,0.03,8,SN2012bl_20120430_fire,2012-04-30,56047.4,28.11558506,1902,78.2,34,38.2,38.2,31,No
SN2012bl,targeted,0.0187,56018.76,0.55,1.081,0.043,0.03,8,SN2012bl_20120507_fire,2012-05-07,56054.39,34.98024478,2536,105.4,54.8,54.1,54.1,31.9,No
SN2012bl,targeted,0.0187,56018.76,0.55,1.081,0.043,0.03,8,SN2012bl_20120610_fire,2012-06-10,56088.26,68.22825687,1743.5,18,5.5,9.1,9.1,5.4,No
SN2012bl,targeted,0.0187,56018.76,0.55,1.081,0.043,0.03,8,SN2012bl_20120626_fire,2012-06-26,56104.4,84.0706076,2377.5,19.2,4,7.2,7.2,6,No
SN2012bo,targeted,0.0254,56021.04,0.5,1.16,0.041,0.045,6,SN2012bo_20120408_fire,2012-04-08,56025.17,4.030220252,2028.8,29.9,27.3,15.8,15.8,12.1,No
SN2012bo,targeted,0.0254,56021.04,0.5,1.16,0.041,0.045,6,SN2012bo_20120411_fire,2012-04-11,56028.17,6.957513554,1902,30.4,26.6,16.6,16.6,15.1,No
SN2012bo,targeted,0.0254,56021.04,0.5,1.16,0.041,0.045,6,SN2012bo_20120418_fire,2012-04-18,56035.3,13.9097508,1200,28.8,12.7,14.1,14.1,13.4,No
SN2012bo,targeted,0.0254,56021.04,0.5,1.16,0.041,0.045,6,SN2012bo_20120421_fire,2012-04-21,56038.32,16.85182699,1200,16.9,6.2,8,8,7.3,No
SN2012bo,targeted,0.0254,56021.04,0.5,1.16,0.041,0.045,6,SN2012bo_20120430_fire,2012-04-30,56047.1,25.41351341,1902,64.5,32.7,31.5,31.5,22.3,No
SN2012bo,targeted,0.0254,56021.04,0.5,1.16,0.041,0.045,6,SN2012bo_20120507_fire,2012-05-07,56054.1,32.23983054,2536,39.8,18.1,14.9,14.9,9.3,No
SN2012fr,targeted,0.0055,56243.32,0.02,1.107,0.04,0.018,26,SN2012fr_20121031_fire,2012-10-31,56231.37,-11.89007948,240,10.9,60.8,15.2,15.2,18.4,Yes
SN2012fr,targeted,0.0055,56243.32,0.02,1.107,0.04,0.018,26,SN2012fr_20121102_fire,2012-11-02,56233.38,-9.886735777,240,130.1,158.9,173.6,173.6,74,No
SN2012fr,targeted,0.0055,56243.32,0.02,1.107,0.04,0.018,26,SN2012fr_20121103_fire,2012-11-03,56234.37,-8.901989856,240,138.9,138.3,115.1,115.1,75.5,No
SN2012fr,targeted,0.0055,56243.32,0.02,1.107,0.04,0.018,26,SN2012fr_20121104_fire,2012-11-04,56235.38,-7.897804222,240,143.9,136.5,154.8,154.8,65,No
SN2012fr,targeted,0.0055,56243.32,0.02,1.107,0.04,0.018,26,SN2012fr_20121105_fire,2012-11-05,56236.28,-7.000072651,634,232.9,256.1,279.9,279.9,119.9,No
SN2012fr,targeted,0.0055,56243.32,0.02,1.107,0.04,0.018,26,SN2012fr_20121107_fire,2012-11-07,56238.36,-4.933713359,253.6,173.7,172.6,206.2,206.2,88.2,No
SN2012fr,targeted,0.0055,56243.32,0.02,1.107,0.04,0.018,26,SN2012fr_20121108_fire,2012-11-08,56239.36,-3.934989838,253.6,122.7,235.8,202.6,202.6,103.4,No
SN2012fr,targeted,0.0055,56243.32,0.02,1.107,0.04,0.018,26,SN2012fr_20121111_fire,2012-11-11,56242.36,-0.955501455,240,94.9,263.7,249.4,249.4,96.5,No
SN2012fr,targeted,0.0055,56243.32,0.02,1.107,0.04,0.018,26,SN2012fr_20121114_fire,2012-11-14,56245.37,2.036407047,240,139.6,141.9,112.8,112.8,126.1,No
SN2012fr,targeted,0.0055,56243.32,0.02,1.107,0.04,0.018,26,SN2012fr_20121116_fire,2012-11-16,56247.37,4.029692752,240,117.4,150.4,125.4,125.4,68.1,No
SN2012fr,targeted,0.0055,56243.32,0.02,1.107,0.04,0.018,26,SN2012fr_20121119_fire,2012-11-19,56250.21,6.856313334,240,165.8,149.3,157.6,157.6,99.4,No
SN2012fr,targeted,0.0055,56243.32,0.02,1.107,0.04,0.018,26,SN2012fr_20121120_fire,2012-11-20,56251.38,8.019795256,240,48,49.8,65.4,65.4,39.4,No
SN2012fr,targeted,0.0055,56243.32,0.02,1.107,0.04,0.018,26,SN2012fr_20121121_fire,2012-11-21,56252.37,9.000535244,240,82.2,102.1,104.1,104.1,77.2,No
SN2012fr,targeted,0.0055,56243.32,0.02,1.107,0.04,0.018,26,SN2012fr_20121125_fire,2012-11-25,56256.22,12.8274397,760.8,172.9,169.3,167.3,167.3,143,No
SN2012fr,targeted,0.0055,56243.32,0.02,1.107,0.04,0.018,26,SN2012fr_20121128_fire,2012-11-28,56259.17,15.76586842,253.6,103.2,75.3,92.5,92.5,89.1,No
SN2012fr,targeted,0.0055,56243.32,0.02,1.107,0.04,0.018,26,SN2012fr_20121201_fire,2012-12-01,56262.27,18.8473291,253.6,97.5,85.6,134.5,134.5,85.3,No
SN2012fr,targeted,0.0055,56243.32,0.02,1.107,0.04,0.018,26,SN2012fr_20121203_fire,2012-12-03,56264.2,20.76643569,760.8,173.6,132.4,161.8,161.8,122.4,No
SN2012fr,targeted,0.0055,56243.32,0.02,1.107,0.04,0.018,26,SN2012fr_20121213_fire,2012-12-13,56274.34,30.8498533,507.2,84.7,106.1,154.5,154.5,94.4,No
SN2012fr,targeted,0.0055,56243.32,0.02,1.107,0.04,0.018,26,SN2012fr_20121220_fire,2012-12-20,56281.09,37.56994475,507.2,85.8,70.7,106.5,106.5,60.6,No
SN2012fr,targeted,0.0055,56243.32,0.02,1.107,0.04,0.018,26,SN2012fr_20121227_fire,2012-12-27,56288.16,44.59797507,1014.4,131,63,109.1,109.1,65.3,No
SN2012fr,targeted,0.0055,56243.32,0.02,1.107,0.04,0.018,26,SN2012fr_20121230_fire,2012-12-30,56291.25,47.66561835,760.8,116,96.9,160.7,160.7,88.8,No
SN2012fr,targeted,0.0055,56243.32,0.02,1.107,0.04,0.018,26,SN2012fr_20130103_fire,2013-01-03,56295.18,51.57906229,507.2,98.9,91,152.8,152.8,89.1,No
SN2012fr,targeted,0.0055,56243.32,0.02,1.107,0.04,0.018,26,SN2012fr_20130106_fire,2013-01-06,56298.09,54.47762564,1014.4,120.9,77.7,131.1,131.1,73.2,No
SN2012fr,targeted,0.0055,56243.32,0.02,1.107,0.04,0.018,26,SN2012fr_20130111_fire,2013-01-11,56303.03,59.38903239,507.2,87.3,51.8,128.1,128.1,69.4,No
SN2012fr,targeted,0.0055,56243.32,0.02,1.107,0.04,0.018,26,SN2012fr_20130202_fire,2013-02-02,56325.03,81.2649312,507.2,82.1,40.1,85.2,85.2,54,No
SN2012fr,targeted,0.0055,56243.32,0.02,1.107,0.04,0.018,26,SN2012fr_20130216_fire,2013-02-16,56339.02,95.17866666,634,66.3,19.4,47.9,47.9,35.9,No
SN2012gm,targeted,0.0148,56261.65,0.02,0.987,0.04,0.039,2,SN2012gm_20121125_fire,2012-11-25,56256.09,-5.480186105,1077.8,59,64.7,44.6,44.6,31,No
SN2012gm,targeted,0.0148,56261.65,0.02,0.987,0.04,0.039,2,SN2012gm_20121203_fire,2012-12-03,56264.02,2.33586918,1521.6,67,69,43.6,43.6,37.4,No
SN2012hd,targeted,0.0119,56265.53,0.04,0.888,0.04,0.023,5,SN2012hd_20121125_fire,2012-11-25,56256.19,-9.227625143,602.3,70.9,80.2,47.1,47.1,32.6,No
SN2012hd,targeted,0.0119,56265.53,0.04,0.888,0.04,0.023,5,SN2012hd_20121203_fire,2012-12-03,56264.15,-1.366181634,1141.2,74.6,95.2,47,47,39.6,No
SN2012hd,targeted,0.0119,56265.53,0.04,0.888,0.04,0.023,5,SN2012hd_20121227_fire,2012-12-27,56288.12,22.32608221,1521.6,108.4,68.2,78.9,78.9,37.4,No
SN2012hd,targeted,0.0119,56265.53,0.04,0.888,0.04,0.023,5,SN2012hd_20130103_fire,2013-01-03,56295.1,29.22021453,1014.4,96.3,64.3,63.7,63.7,33.3,No
SN2012hd,targeted,0.0119,56265.53,0.04,0.888,0.04,0.023,5,SN2012hd_20130106_fire,2013-01-06,56298.07,32.1534554,760.8,68.6,35.1,36.4,36.4,15.8,No
SN2012hr,targeted,0.0076,56288.91,0.02,0.973,0.04,0.039,12,SN2012hr_20121220_fire,2012-12-20,56281.2,-7.650594469,1268,120.1,132.4,100.1,100.1,59.2,No
SN2012hr,targeted,0.0076,56288.91,0.02,0.973,0.04,0.039,12,SN2012hr_20121227_fire,2012-12-27,56288.2,-0.70489664,887.6,159.9,168.5,162.1,162.1,76.6,No
SN2012hr,targeted,0.0076,56288.91,0.02,0.973,0.04,0.039,12,SN2012hr_20121230_fire,2012-12-30,56291.27,2.342897349,760.8,157,131.9,139.9,139.9,66.1,No
SN2012hr,targeted,0.0076,56288.91,0.02,0.973,0.04,0.039,12,SN2012hr_20130103_fire,2013-01-03,56295.21,6.249679736,1014.4,93.9,129.7,101.1,101.1,65.5,No
SN2012hr,targeted,0.0076,56288.91,0.02,0.973,0.04,0.039,12,SN2012hr_20130106_fire,2013-01-06,56298.17,9.190278809,1014.4,107.5,104.2,109.5,109.5,76.5,No
SN2012hr,targeted,0.0076,56288.91,0.02,0.973,0.04,0.039,12,SN2012hr_20130202_fire,2013-02-02,56325.05,35.87105176,887.6,136,89.5,103.2,103.2,51.8,No
SN2012hr,targeted,0.0076,56288.91,0.02,0.973,0.04,0.039,12,SN2012hr_20130205_fire,2013-02-05,56328.23,39.02087475,1014.4,36.6,21.5,25.1,25.1,11.1,No
SN2012hr,targeted,0.0076,56288.91,0.02,0.973,0.04,0.039,12,SN2012hr_20130216_fire,2013-02-16,56339.03,49.74845084,507.2,69.6,33.5,48,48,25,No
SN2012hr,targeted,0.0076,56288.91,0.02,0.973,0.04,0.039,12,SN2012hr_20130228_fire,2013-02-28,56351.1,61.71873504,507.2,55,20.8,34.4,34.4,17.6,No
SN2012hr,targeted,0.0076,56288.91,0.02,0.973,0.04,0.039,12,SN2012hr_20130320_fire,2013-03-20,56371.04,81.51511614,1014.4,38.2,7.6,14.4,14.4,10.8,No
SN2012hr,targeted,0.0076,56288.91,0.02,0.973,0.04,0.039,12,SN2012hr_20130325_fire,2013-03-25,56376.04,86.47387687,1014.4,29.3,5.1,11.9,11.9,8.4,No
SN2012hr,targeted,0.0076,56288.91,0.02,0.973,0.04,0.039,12,SN2012hr_20130401_fire,2013-04-01,56383.07,93.45742023,1014.4,24.9,4.7,10.6,10.6,7.8,No
SN2012ht,targeted,0.0036,56295.75,0.03,0.869,0.04,0.025,11,SN2012ht_20121230_fire,2012-12-30,56291.3,-4.434466146,887.6,192.7,216.7,227.7,227.7,115.2,No
SN2012ht,targeted,0.0036,56295.75,0.03,0.869,0.04,0.025,11,SN2012ht_20130103_fire,2013-01-03,56295.35,-0.393600665,1648.4,141.7,217.6,173.8,173.8,108.5,No
SN2012ht,targeted,0.0036,56295.75,0.03,0.869,0.04,0.025,11,SN2012ht_20130106_fire,2013-01-06,56298.32,2.556335676,1014.4,152.4,163.7,132.9,132.9,97.4,No
SN2012ht,targeted,0.0036,56295.75,0.03,0.869,0.04,0.025,11,SN2012ht_20130112_fire,2013-01-12,56304.38,8.600870201,300,52.1,49.1,64.1,64.1,43.9,No
SN2012ht,targeted,0.0036,56295.75,0.03,0.869,0.04,0.025,11,SN2012ht_20130202_fire,2013-02-02,56325.19,29.33177713,1014.4,159.2,121.9,135.5,135.5,80.6,No
SN2012ht,targeted,0.0036,56295.75,0.03,0.869,0.04,0.025,11,SN2012ht_20130205_fire,2013-02-05,56328.3,32.43591474,507.2,56.7,31.6,44.2,44.2,19.2,No
SN2012ht,targeted,0.0036,56295.75,0.03,0.869,0.04,0.025,11,SN2012ht_20130216_fire,2013-02-16,56339.13,43.22231402,634,107.3,51.5,74.1,74.1,42.5,No
SN2012ht,targeted,0.0036,56295.75,0.03,0.869,0.04,0.025,11,SN2012ht_20130228_fire,2013-02-28,56351.23,55.28389542,760.8,58.1,22,41.9,41.9,22.4,No
SN2012ht,targeted,0.0036,56295.75,0.03,0.869,0.04,0.025,11,SN2012ht_20130320_fire,2013-03-20,56371.11,75.08686553,634,48.5,8.7,16.1,16.1,11.6,No
SN2012ht,targeted,0.0036,56295.75,0.03,0.869,0.04,0.025,11,SN2012ht_20130325_fire,2013-03-25,56376.12,80.07771829,760.8,32,5.7,13.4,13.4,9.3,No
SN2012ht,targeted,0.0036,56295.75,0.03,0.869,0.04,0.025,11,SN2012ht_20130401_fire,2013-04-01,56383.14,87.07295403,1014.4,33.6,6.1,14.6,14.6,9.3,No
SN2012id,targeted,0.0157,56287.03,0.94,0.824,0.052,0.426,3,SN2012id_20121230_fire,2012-12-30,56291.22,4.122665309,1014.4,51.7,60.5,44.5,44.5,31.3,No
SN2012id,targeted,0.0157,56287.03,0.94,0.824,0.052,0.426,3,SN2012id_20130103_fire,2013-01-03,56295.13,7.978248388,1268,46.1,31.2,31.8,31.8,23.6,No
SN2012id,targeted,0.0157,56287.03,0.94,0.824,0.052,0.426,3,SN2012id_20130106_fire,2013-01-06,56298.13,10.93020206,1902,39.6,23.5,28.3,28.3,22,No
SN2012ij,targeted,0.011,56302.54,0.05,0.536,0.041,0.024,3,SN2012ij_20130106_fire,2013-01-06,56298.36,-4.135861265,2536,85.5,118.5,77.1,77.1,43.6,No
SN2012ij,targeted,0.011,56302.54,0.05,0.536,0.041,0.024,3,SN2012ij_20130202_fire,2013-02-02,56325.21,22.42360681,1014.4,49.9,28.8,26.2,26.2,11,No
SN2012ij,targeted,0.011,56302.54,0.05,0.536,0.041,0.024,3,SN2012ij_20130205_fire,2013-02-05,56328.32,25.50094396,1141.2,14,6.9,8.3,8.3,2.8,No
SN2013E,targeted,0.0094,56308.22,0.49,1.131,0.04,0.084,10,SN2013E_20130106_fire,2013-01-06,56298.28,-9.847816069,1521.6,94.8,129.1,113,113,61.8,No
SN2013E,targeted,0.0094,56308.22,0.49,1.131,0.04,0.084,10,SN2013E_20130112_fire,2013-01-12,56304.4,-3.7827987,300,19.7,25.9,42,42,29.5,No
SN2013E,targeted,0.0094,56308.22,0.49,1.131,0.04,0.084,10,SN2013E_20130202_fire,2013-02-02,56325.11,16.72863565,760.8,118.7,68.7,100.5,100.5,61.6,No
SN2013E,targeted,0.0094,56308.22,0.49,1.131,0.04,0.084,10,SN2013E_20130205_fire,2013-02-05,56328.28,19.87527461,507.2,54.9,32.4,67.9,67.9,40.9,No
SN2013E,targeted,0.0094,56308.22,0.49,1.131,0.04,0.084,10,SN2013E_20130216_fire,2013-02-16,56339.06,30.54818416,634,87.4,78.4,96,96,50.6,No
SN2013E,targeted,0.0094,56308.22,0.49,1.131,0.04,0.084,10,SN2013E_20130228_fire,2013-02-28,56351.15,42.53260413,634,76.8,51.7,57.7,57.7,31.1,No
SN2013E,targeted,0.0094,56308.22,0.49,1.131,0.04,0.084,10,SN2013E_20130306_fire,2013-03-06,56357.36,48.68414056,634,62.3,33.2,41.7,41.7,23.7,No
SN2013E,targeted,0.0094,56308.22,0.49,1.131,0.04,0.084,10,SN2013E_20130320_fire,2013-03-20,56371.08,62.2779121,507.2,60.7,27,35.3,35.3,26,No
SN2013E,targeted,0.0094,56308.22,0.49,1.131,0.04,0.084,10,SN2013E_20130325_fire,2013-03-25,56376.08,67.2263133,507.2,46.6,18.4,34.9,34.9,20.9,No
SN2013E,targeted,0.0094,56308.22,0.49,1.131,0.04,0.084,10,SN2013E_20130401_fire,2013-04-01,56383.21,74.29092421,1014.4,39.6,14.2,25.1,25.1,17.9,No
SN2013H,targeted,0.0155,56309.92,0.49,1.048,0.04,0.113,4,SN2013H_20130202_fire,2013-02-02,56325.08,14.92857886,1014.4,53.3,27.8,43.4,43.4,32,No
SN2013H,targeted,0.0155,56309.92,0.49,1.048,0.04,0.113,4,SN2013H_20130205_fire,2013-02-05,56328.26,18.05628677,1014.4,12.6,5.6,12.6,12.6,8.1,No
SN2013H,targeted,0.0155,56309.92,0.49,1.048,0.04,0.113,4,SN2013H_20130216_fire,2013-02-16,56339.11,28.74099734,634,56.3,33.5,45.5,45.5,25.6,No
SN2013H,targeted,0.0155,56309.92,0.49,1.048,0.04,0.113,4,SN2013H_20130228_fire,2013-02-28,56351.13,40.57758147,760.8,46.9,24.8,24.6,24.6,13.9,No
SN2013M,targeted,0.0349,56323.63,0.07,0.943,0.04,0.072,3,SN2013M_20130202_fire,2013-02-02,56325.29,1.603469352,1394.8,31.9,28.5,16.3,16.3,11.2,No
SN2013M,targeted,0.0349,56323.63,0.07,0.943,0.04,0.072,3,SN2013M_20130205_fire,2013-02-05,56328.37,4.581858463,1268,13.7,12.1,8.5,8.5,6.2,No
SN2013M,targeted,0.0349,56323.63,0.07,0.943,0.04,0.072,3,SN2013M_20130228_fire,2013-02-28,56351.31,26.7496481,1268,38.4,25.5,16.3,16.3,8.1,No
SN2013U,targeted,0.0345,56335.05,0.59,1.239,0.041,0.025,2,SN2013U_20130216_fire,2013-02-16,56339.08,3.90034665,1268,27.5,23.3,14.4,14.4,11,No
SN2013U,targeted,0.0345,56335.05,0.59,1.239,0.041,0.025,2,SN2013U_20130228_fire,2013-02-28,56351.2,15.60752803,1902,21.1,10.4,8.4,8.4,6.6,No
SN2013aa,targeted,0.004,56343.42,0.04,1.002,0.04,0.146,7,SN2013aa_20130228_fire,2013-02-28,56351.39,7.936284459,190.2,166.3,148.2,155.4,155.4,106.5,No
SN2013aa,targeted,0.004,56343.42,0.04,1.002,0.04,0.146,7,SN2013aa_20130306_fire,2013-03-06,56357.4,13.92354089,42.4,69.9,50.5,91.3,91.3,58.7,No
SN2013aa,targeted,0.004,56343.42,0.04,1.002,0.04,0.146,7,SN2013aa_20130320_fire,2013-03-20,56371.24,27.70505034,190.2,164.9,133.6,141.5,141.5,96.7,No
SN2013aa,targeted,0.004,56343.42,0.04,1.002,0.04,0.146,7,SN2013aa_20130325_fire,2013-03-25,56376.33,32.77981703,211.2,185.6,112.9,136.3,136.3,88.2,No
SN2013aa,targeted,0.004,56343.42,0.04,1.002,0.04,0.146,7,SN2013aa_20130401_fire,2013-04-01,56383.31,39.73134217,443.8,217.6,132.6,181.5,181.5,105.9,No
SN2013aa,targeted,0.004,56343.42,0.04,1.002,0.04,0.146,7,SN2013aa_20130403_fire,2013-04-03,56385.39,41.80188315,126.8,109.5,104.2,151.9,151.9,88.2,No
SN2013aa,targeted,0.004,56343.42,0.04,1.002,0.04,0.146,7,SN2013aa_20130519_fire,2013-05-19,56431.25,87.48343807,507.2,84.3,34.4,84.1,84.1,58.9,No
SN2013aj,targeted,0.0091,56361.37,0.04,0.8,0.04,0.032,6,SN2013aj_20130306_fire,2013-03-06,56357.38,-3.952836703,253.6,91.7,95.5,83.5,83.5,59,No
SN2013aj,targeted,0.0091,56361.37,0.04,0.8,0.04,0.032,6,SN2013aj_20130320_fire,2013-03-20,56371.22,9.759156792,380.4,71.4,56.1,84,84,54.1,No
SN2013aj,targeted,0.0091,56361.37,0.04,0.8,0.04,0.032,6,SN2013aj_20130325_fire,2013-03-25,56376.31,14.80781041,507.2,95.7,80.2,114.8,114.8,65.3,No
SN2013aj,targeted,0.0091,56361.37,0.04,0.8,0.04,0.032,6,SN2013aj_20130401_fire,2013-04-01,56383.24,21.66933057,760.8,111.3,81,94.3,94.3,65,No
SN2013aj,targeted,0.0091,56361.37,0.04,0.8,0.04,0.032,6,SN2013aj_20130403_fire,2013-04-03,56385.38,23.79402167,211.2,69.2,47.9,56.3,56.3,37.2,No
SN2013aj,targeted,0.0091,56361.37,0.04,0.8,0.04,0.032,6,SN2013aj_20130519_fire,2013-05-19,56431.21,69.2111506,951,22.4,5.4,10.4,10.4,6.6,No
SN2013ay,targeted,0.0157,56375.41,0.64,0.494,0.044,0.062,2,SN2013ay_20130401_fire,2013-04-01,56383.34,7.805520861,1268,54.6,48.3,40.4,40.4,24.4,No
SN2013ay,targeted,0.0157,56375.41,0.64,0.494,0.044,0.062,2,SN2013ay_20130403_fire,2013-04-03,56385.41,9.842482402,760.8,64.6,54.2,49,49,29.1,No
SN2013az,untargeted,0.0373,56380.92,0.62,0.768,0.047,0.027,1,SN2013az_20130401_fire,2013-04-01,56383.05,2.049475355,1521.6,20.5,17.6,9.1,9.1,7.5,No
SN2013bc,untargeted,0.0225,56384.42,0.58,0.481,0.046,0.041,1,SN2013bc_20130403_fire,2013-04-03,56385.31,0.86688281,1014.4,34.3,41.2,25.6,25.6,14.7,No
SN2013bz,untargeted,0.0192,56409.65,0.07,1.152,0.041,0.038,1,SN2013bz_20130519_fire,2013-05-19,56431.19,21.13429406,1109.5,56.5,31.7,41,41,32.7,No
SN2013ct,untargeted,0.0038,56411.31,0.38,1.002,0.04,0.024,3,SN2013ct_20130522_fire,2013-05-22,56434.43,23.02924754,253.6,95,92.2,131.3,131.3,88.6,Yes
SN2013ct,untargeted,0.0038,56411.31,0.38,1.002,0.04,0.024,3,SN2013ct_20130716_fire,2013-07-16,56489.33,77.72782293,1268,114.3,53.9,89.6,89.6,58.3,No
SN2013ct,untargeted,0.0038,56411.31,0.38,1.002,0.04,0.024,3,SN2013ct_20130729_fire,2013-07-29,56502.27,90.61515604,1585,8.8,8.3,10,10,8.1,Yes
SN2013fy,targeted,0.0308,56600.03,0.54,1.174,0.041,0.023,6,SN2013fy_20131114_fire,2013-11-14,56610.09,9.755362502,1268,32,17.1,12.6,12.6,11.6,No
SN2013fy,targeted,0.0308,56600.03,0.54,1.174,0.041,0.023,6,SN2013fy_20131120_fire,2013-11-20,56616.07,15.5638883,1014.4,32.3,14.7,13.5,13.5,12,No
SN2013fy,targeted,0.0308,56600.03,0.54,1.174,0.041,0.023,6,SN2013fy_20131130_fire,2013-11-30,56626.04,25.23203377,1014.4,44.3,21.5,18.5,18.5,14.1,No
SN2013fy,targeted,0.0308,56600.03,0.54,1.174,0.041,0.023,6,SN2013fy_20131209_fire,2013-12-09,56635.03,33.95331624,1902,29.7,19,12.5,12.5,6.3,No
SN2013fy,targeted,0.0308,56600.03,0.54,1.174,0.041,0.023,6,SN2013fy_20131214_fire,2013-12-14,56640.02,38.79606994,1521.6,27.4,17.8,13.1,13.1,6.8,No
SN2013fy,targeted,0.0308,56600.03,0.54,1.174,0.041,0.023,6,SN2013fy_20131220_fire,2013-12-20,56646.03,44.62675497,1902,17,8.3,6,6,3.7,No
SN2013fz,targeted,0.0206,56601.67,0.52,1.015,0.04,0.012,7,SN2013fz_20131114_fire,2013-11-14,56610.3,8.451153287,760.8,48.6,38.9,30.4,30.4,25.3,No
SN2013fz,targeted,0.0206,56601.67,0.52,1.015,0.04,0.012,7,SN2013fz_20131120_fire,2013-11-20,56616.25,14.28458777,1014.4,56,27.8,35.5,35.5,30,No
SN2013fz,targeted,0.0206,56601.67,0.52,1.015,0.04,0.012,7,SN2013fz_20131130_fire,2013-11-30,56626.32,24.15362466,507.2,63.7,33.1,40.7,40.7,25.3,No
SN2013fz,targeted,0.0206,56601.67,0.52,1.015,0.04,0.012,7,SN2013fz_20131214_fire,2013-12-14,56640.29,37.84075573,507.2,43.4,26.1,19.9,19.9,11.5,No
SN2013fz,targeted,0.0206,56601.67,0.52,1.015,0.04,0.012,7,SN2013fz_20131220_fire,2013-12-20,56646.26,43.69381313,1014.4,51,28.3,26.1,26.1,12.3,No
SN2013fz,targeted,0.0206,56601.67,0.52,1.015,0.04,0.012,7,SN2013fz_20131227_fire,2013-12-27,56653.23,50.5232408,1521.6,27.6,12.5,16.4,16.4,7.9,No
SN2013fz,targeted,0.0206,56601.67,0.52,1.015,0.04,0.012,7,SN2013fz_20140101_fire,2014-01-01,56658.26,55.45087813,1014.4,29.7,12.5,14.3,14.3,7.3,No
SN2013gv,targeted,0.0341,56639.56,0.06,0.845,0.041,0.143,4,SN2013gv_20131209_fire,2013-12-09,56635.13,-4.283449255,1014.4,16,14.9,8.3,8.3,5.8,No
SN2013gv,targeted,0.0341,56639.56,0.06,0.845,0.041,0.143,4,SN2013gv_20131214_fire,2013-12-14,56640.1,0.5264029,1521.6,11.6,9.3,6.2,6.2,5.6,No
SN2013gv,targeted,0.0341,56639.56,0.06,0.845,0.041,0.143,4,SN2013gv_20131220_fire,2013-12-20,56646.14,6.365029182,1014.4,18.8,10.2,6.8,6.8,6.2,No
SN2013gv,targeted,0.0341,56639.56,0.06,0.845,0.041,0.143,4,SN2013gv_20140101_fire,2014-01-01,56658.13,17.96227022,1014.4,17.9,8.2,7.5,7.5,5.2,No
SN2013gy,untargeted,0.014,56648.75,0.04,0.911,0.04,0.049,12,SN2013gy_20131209_fire,2013-12-09,56635.25,-13.31662446,1521.6,36.8,40,21.7,21.7,14.9,No
SN2013gy,untargeted,0.014,56648.75,0.04,0.911,0.04,0.049,12,SN2013gy_20131214_fire,2013-12-14,56640.22,-8.41366585,1014.4,57.6,65.3,40.1,40.1,20.9,No
SN2013gy,untargeted,0.014,56648.75,0.04,0.911,0.04,0.049,12,SN2013gy_20131220_fire,2013-12-20,56646.21,-2.506689158,507.2,89.6,103.6,77.5,77.5,51.4,No
SN2013gy,untargeted,0.014,56648.75,0.04,0.911,0.04,0.049,12,SN2013gy_20131227_fire,2013-12-27,56653.2,4.391496109,507.2,48.2,49,42.3,42.3,24.8,No
SN2013gy,untargeted,0.014,56648.75,0.04,0.911,0.04,0.049,12,SN2013gy_20140101_fire,2014-01-01,56658.19,9.313499196,507.2,58.4,44.9,44.4,44.4,32.6,No
SN2013gy,untargeted,0.014,56648.75,0.04,0.911,0.04,0.049,12,SN2013gy_20140109_fire,2014-01-09,56666.12,17.13146913,507.2,60.4,53.6,79.8,79.8,45.6,No
SN2013gy,untargeted,0.014,56648.75,0.04,0.911,0.04,0.049,12,SN2013gy_20140114_fire,2014-01-14,56671.13,22.06874717,507.2,62.4,37.7,54,54,31,No
SN2013gy,untargeted,0.014,56648.75,0.04,0.911,0.04,0.049,12,SN2013gy_20140208_fire,2014-02-08,56696.12,46.71890324,507.2,27,9.5,12.2,12.2,6.8,No
SN2013gy,untargeted,0.014,56648.75,0.04,0.911,0.04,0.049,12,SN2013gy_20140215_fire,2014-02-15,56703.12,53.62148066,1268,14.9,3.6,5.1,5.1,3.3,No
SN2013gy,untargeted,0.014,56648.75,0.04,0.911,0.04,0.049,12,SN2013gy_20140222_fire,2014-02-22,56710.08,60.47863442,1014.4,23.2,10.5,14.1,14.1,7.1,No
SN2013gy,untargeted,0.014,56648.75,0.04,0.911,0.04,0.049,12,SN2013gy_20140227_fire,2014-02-27,56715.05,65.38322669,1014.4,21.9,5.9,10.6,10.6,6.5,No
SN2013gy,untargeted,0.014,56648.75,0.04,0.911,0.04,0.049,12,SN2013gy_20140318_fire,2014-03-18,56734.02,84.08750814,1268,16.5,3.4,6.3,6.3,5.1,No
SN2013hh,targeted,0.013,56638.82,0.58,1.203,0.049,0.025,6,SN2013hh_20131214_fire,2013-12-14,56640.35,1.508790514,760.8,42.5,55.9,41.1,41.1,30.3,No
SN2013hh,targeted,0.013,56638.82,0.58,1.203,0.049,0.025,6,SN2013hh_20131220_fire,2013-12-20,56646.34,7.421164889,1014.4,62,66.4,58.3,58.3,42.9,No
SN2013hh,targeted,0.013,56638.82,0.58,1.203,0.049,0.025,6,SN2013hh_20131227_fire,2013-12-27,56653.32,14.31315792,1014.4,34.6,24.7,40.7,40.7,26.5,No
SN2013hh,targeted,0.013,56638.82,0.58,1.203,0.049,0.025,6,SN2013hh_20140101_fire,2014-01-01,56658.34,19.27030718,507.2,41.8,35.4,57.6,57.6,31.8,No
SN2013hh,targeted,0.013,56638.82,0.58,1.203,0.049,0.025,6,SN2013hh_20140109_fire,2014-01-09,56666.35,27.17649276,507.2,57.8,43.1,63,63,39.6,No
SN2013hh,targeted,0.013,56638.82,0.58,1.203,0.049,0.025,6,SN2013hh_20140114_fire,2014-01-14,56671.32,32.08457406,507.2,42.8,28.8,36,36,20.4,No
SN2013hn,targeted,0.0151,56642.94,0.69,0.821,0.048,0.053,4,SN2013hn_20131220_fire,2013-12-20,56646.36,3.366789966,887.6,69.8,70.1,47,47,30.4,No
SN2013hn,targeted,0.0151,56642.94,0.69,0.821,0.048,0.053,4,SN2013hn_20131227_fire,2013-12-27,56653.35,10.25121357,760.8,30.7,15.8,21.4,21.4,15.5,No
SN2013hn,targeted,0.0151,56642.94,0.69,0.821,0.048,0.053,4,SN2013hn_20140101_fire,2014-01-01,56658.35,15.18435561,634,56,32.4,52.1,52.1,26.3,No
SN2013hn,targeted,0.0151,56642.94,0.69,0.821,0.048,0.053,4,SN2013hn_20140114_fire,2014-01-14,56671.34,27.97720147,507.2,52,31.4,33.2,33.2,17.1,No
SN2014D,untargeted,0.0082,56665.27,0.7,0.958,0.046,0.026,2,SN2014D_20140109_fire,2014-01-09,56666.37,1.091041254,380.4,34.5,44.9,40.6,40.6,28.9,No
SN2014D,untargeted,0.0082,56665.27,0.7,0.958,0.046,0.026,2,SN2014D_20140114_fire,2014-01-14,56671.36,6.041024853,507.2,38,42.8,45.8,45.8,38.9,No
SN2014I,untargeted,0.03,56683.56,0.04,0.916,0.04,0.021,5,SN2014I_20140208_fire,2014-02-08,56696.14,12.21792172,507.2,13.9,6.7,6.8,6.8,5.5,No
SN2014I,untargeted,0.03,56683.56,0.04,0.916,0.04,0.021,5,SN2014I_20140215_fire,2014-02-15,56703.19,19.05479265,951,12.5,6.2,6.8,6.8,4.7,No
SN2014I,untargeted,0.03,56683.56,0.04,0.916,0.04,0.021,5,SN2014I_20140222_fire,2014-02-22,56710.14,25.80350769,1014.4,32.4,17.8,16,16,8.8,No
SN2014I,untargeted,0.03,56683.56,0.04,0.916,0.04,0.021,5,SN2014I_20140227_fire,2014-02-27,56715.12,30.63613925,1014.4,41.3,24,16.9,16.9,8,No
SN2014I,untargeted,0.03,56683.56,0.04,0.916,0.04,0.021,5,SN2014I_20140310_fire,2014-03-10,56726.06,41.26121426,1014.4,22.4,11.1,10.4,10.4,5,No
SN2014Z,targeted,0.0213,56721.92,0.7,0.98,0.049,0.025,1,SN2014Z_20140308_fire,2014-03-08,56724.02,2.05640128,507.2,30.1,22.7,12.1,12.1,11.4,No
SN2014ao,untargeted,0.0141,56767.84,0.08,0.881,0.04,0.028,2,SN2014ao_20140423_fire,2014-04-23,56770.05,2.178853583,1521.6,83.1,86.1,60.7,60.7,48.8,No
SN2014ao,untargeted,0.0141,56767.84,0.08,0.881,0.04,0.028,2,SN2014ao_20140606_fire,2014-06-05,56813.96,45.47682657,951,8.2,3.5,4.2,4.2,2.9,No
SN2014at,targeted,0.0322,56774.05,0.05,0.948,0.04,0.016,2,SN2014at_20140423_fire,2014-04-23,56770.4,-3.535890309,2028.8,45.3,44.6,21.3,21.3,16.6,No
SN2014at,targeted,0.0322,56774.05,0.05,0.948,0.04,0.016,2,SN2014at_20140606_fire,2014-06-06,56814.31,39.00095557,760.8,19.6,11.5,10,10,5.3,No
SN2014du,untargeted,0.0324,56968.63,0.1,0.815,0.041,0.095,1,CSP14adc_20141105_fire,2014-11-05,56966.21,-2.340895269,2536,11.9,10.5,4.6,4.6,3,No
SN2014eg,untargeted,0.0186,56991.23,0.07,1.183,0.041,0.026,1,SN2014eg_20141208_fire,2014-12-08,56999.05,7.676060754,507.2,30.2,28.3,22,22,16.3,No
SN2015F,untargeted,0.0049,57106.85,0.03,0.884,0.04,0.175,5,SN2015F_20150314_fire,2015-03-14,57095.01,-11.78662302,1014.4,126.1,158.3,115.8,115.8,79.1,No
SN2015F,untargeted,0.0049,57106.85,0.03,0.884,0.04,0.175,5,SN2015F_20150402_fire,2015-04-02,57114.22,7.33585598,760.8,102.7,104.3,92.7,92.7,70.2,No
SN2015F,untargeted,0.0049,57106.85,0.03,0.884,0.04,0.175,5,SN2015F_20150407_fire,2015-04-06,57118.97,12.06067349,507.2,144,92.1,101.2,101.2,70.8,No
SN2015F,untargeted,0.0049,57106.85,0.03,0.884,0.04,0.175,5,SN2015F_20150412_fire,2015-04-12,57124.07,17.13425563,507.2,92.7,66.7,112.2,112.2,58.9,No
SN2015F,untargeted,0.0049,57106.85,0.03,0.884,0.04,0.175,5,SN2015F_20150602_fire,2015-06-01,57174.96,67.77748267,1014.4,45.7,12.6,25,25,17.4,No
SN2015bo,untargeted,0.0162,57076.02,0.11,0.505,0.04,0.023,1,CSP15aae_20150307_fire,2015-03-07,57088.35,12.13782873,1014.4,56.8,41.7,35.5,35.5,18,No
SN2015bp,untargeted,0.0041,57112.67,0.04,0.692,0.04,0.045,4,SNhunt281_20150402_fire,2015-04-02,57114.36,1.679202513,507.2,106.6,150.5,149.3,149.3,87.5,No
SN2015bp,untargeted,0.0041,57112.67,0.04,0.692,0.04,0.045,4,SNhunt281_20150407_fire,2015-04-07,57119.29,6.589792486,507.2,115.8,86.5,84.4,84.4,67.3,No
SN2015bp,untargeted,0.0041,57112.67,0.04,0.692,0.04,0.045,4,SNhunt281_20150412_fire,2015-04-12,57124.22,11.49890986,507.2,98.3,62,80.7,80.7,51.5,No
SN2015bp,untargeted,0.0041,57112.67,0.04,0.692,0.04,0.045,4,SNhunt281_20150601_fire,2015-06-01,57174.21,61.28991448,1268,43.6,12.3,30.2,30.2,14.3,No
